<XtraSerializer version="1.0" application="">
  <property name="#LayoutVersion" />
  <property name="$ShipsGrid" iskey="true" value="ShipsGrid">
    <property name="UseFieldNameForSerialization">true</property>
    <property name="GroupCount">0</property>
    <property name="GroupSummary" iskey="true" value="0" />
    <property name="SortInfo" iskey="true" value="0" />
    <property name="Columns" iskey="true" value="10">
      <property name="Item1" isnull="true" iskey="true">
        <property name="GridRow">0</property>
        <property name="FieldName">Name</property>
        <property name="AutoFilterCriteria">BeginsWith</property>
        <property name="VisibleIndex">0</property>
        <property name="ActualWidth">NaN</property>
      </property>
      <property name="Item2" isnull="true" iskey="true">
        <property name="GridRow">0</property>
        <property name="FieldName">IsOwned</property>
        <property name="AutoFilterCriteria">BeginsWith</property>
        <property name="VisibleIndex">1</property>
        <property name="ActualWidth">NaN</property>
      </property>
      <property name="Item3" isnull="true" iskey="true">
        <property name="GridRow">0</property>
        <property name="FieldName">OneTimeUses</property>
        <property name="AutoFilterCriteria">BeginsWith</property>
        <property name="VisibleIndex">2</property>
        <property name="ActualWidth">NaN</property>
      </property>
      <property name="Item4" isnull="true" iskey="true">
        <property name="GridRow">0</property>
        <property name="FieldName">MaintenanceFinish</property>
        <property name="AutoFilterCriteria">BeginsWith</property>
        <property name="VisibleIndex">3</property>
        <property name="ActualWidth">NaN</property>
      </property>
      <property name="Item5" isnull="true" iskey="true">
        <property name="GridRow">0</property>
        <property name="FieldName">Type</property>
        <property name="VisibleIndex">4</property>
        <property name="ActualWidth">NaN</property>
      </property>
      <property name="Item6" isnull="true" iskey="true">
        <property name="GridRow">0</property>
        <property name="FieldName">Eng</property>
        <property name="VisibleIndex">5</property>
        <property name="ActualWidth">NaN</property>
      </property>
      <property name="Item7" isnull="true" iskey="true">
        <property name="GridRow">0</property>
        <property name="FieldName">Tac</property>
        <property name="VisibleIndex">6</property>
        <property name="ActualWidth">NaN</property>
      </property>
      <property name="Item8" isnull="true" iskey="true">
        <property name="GridRow">0</property>
        <property name="FieldName">Sci</property>
        <property name="VisibleIndex">7</property>
        <property name="ActualWidth">NaN</property>
      </property>
      <property name="Item9" isnull="true" iskey="true">
        <property name="GridRow">0</property>
        <property name="FieldName">Abilities</property>
        <property name="VisibleIndex">8</property>
        <property name="ActualWidth">NaN</property>
      </property>
      <property name="Item10" isnull="true" iskey="true">
        <property name="GridRow">0</property>
        <property name="FieldName">Maintenance</property>
        <property name="VisibleIndex">9</property>
        <property name="ActualWidth">NaN</property>
      </property>
    </property>
    <property name="View" isnull="true" iskey="true">
      <property name="FormatConditions" iskey="true" value="0" />
      <property name="ShowAutoFilterRow">true</property>
      <property name="ShowCriteriaInAutoFilterRow">true</property>
      <property name="ColumnFilterPopupMode">Excel</property>
      <property name="ColumnChooserState" isnull="true" iskey="true">
        <property name="Location">41,0</property>
        <property name="Size">220,250</property>
      </property>
    </property>
    <property name="TotalSummary" iskey="true" value="0" />
    <property name="MRUFilters" iskey="true" value="0" />
    <property name="GroupSummarySortInfo" iskey="true" value="0" />
  </property>
  <property name="$ResultsGrid" iskey="true" value="ResultsGrid">
    <property name="UseFieldNameForSerialization">true</property>
    <property name="GroupCount">0</property>
    <property name="GroupSummary" iskey="true" value="0" />
    <property name="SortInfo" iskey="true" value="0" />
    <property name="Columns" iskey="true" value="27">
      <property name="Item1" isnull="true" iskey="true">
        <property name="GridRow">0</property>
        <property name="FieldName">Success</property>
        <property name="AutoFilterCriteria">BeginsWith</property>
        <property name="VisibleIndex">0</property>
        <property name="ActualWidth">NaN</property>
      </property>
      <property name="Item2" isnull="true" iskey="true">
        <property name="GridRow">0</property>
        <property name="FieldName">CritChance</property>
        <property name="AutoFilterCriteria">BeginsWith</property>
        <property name="VisibleIndex">1</property>
        <property name="ActualWidth">NaN</property>
      </property>
      <property name="Item3" isnull="true" iskey="true">
        <property name="GridRow">0</property>
        <property name="FieldName">RewardFactor</property>
        <property name="AutoFilterCriteria">BeginsWith</property>
        <property name="VisibleIndex">2</property>
        <property name="ActualWidth">NaN</property>
      </property>
      <property name="Item4" isnull="true" iskey="true">
        <property name="GridRow">0</property>
        <property name="FieldName">TotalDiff</property>
        <property name="AutoFilterCriteria">BeginsWith</property>
        <property name="VisibleIndex">3</property>
        <property name="ActualWidth">NaN</property>
      </property>
      <property name="Item5" isnull="true" iskey="true">
        <property name="GridRow">0</property>
        <property name="FieldName">TotalMaint</property>
        <property name="AutoFilterCriteria">BeginsWith</property>
        <property name="VisibleIndex">4</property>
        <property name="ActualWidth">NaN</property>
      </property>
      <property name="Item6" isnull="true" iskey="true">
        <property name="GridRow">0</property>
        <property name="FieldName">Ships</property>
        <property name="AutoFilterCriteria">BeginsWith</property>
        <property name="VisibleIndex">5</property>
        <property name="ActualWidth">NaN</property>
      </property>
      <property name="Item7" isnull="true" iskey="true">
        <property name="GridRow">0</property>
        <property name="FieldName">ShipsMaint</property>
        <property name="AutoFilterCriteria">BeginsWith</property>
        <property name="VisibleIndex">6</property>
        <property name="ActualWidth">NaN</property>
      </property>
      <property name="Item8" isnull="true" iskey="true">
        <property name="GridRow">0</property>
        <property name="FieldName">EngRequired</property>
        <property name="VisibleIndex">7</property>
        <property name="ActualWidth">NaN</property>
      </property>
      <property name="Item9" isnull="true" iskey="true">
        <property name="GridRow">0</property>
        <property name="FieldName">TacRequired</property>
        <property name="VisibleIndex">8</property>
        <property name="ActualWidth">NaN</property>
      </property>
      <property name="Item10" isnull="true" iskey="true">
        <property name="GridRow">0</property>
        <property name="FieldName">SciRequired</property>
        <property name="VisibleIndex">9</property>
        <property name="ActualWidth">NaN</property>
      </property>
      <property name="Item11" isnull="true" iskey="true">
        <property name="GridRow">0</property>
        <property name="FieldName">EngSlotted</property>
        <property name="VisibleIndex">10</property>
        <property name="ActualWidth">NaN</property>
      </property>
      <property name="Item12" isnull="true" iskey="true">
        <property name="GridRow">0</property>
        <property name="FieldName">TacSlotted</property>
        <property name="VisibleIndex">11</property>
        <property name="ActualWidth">NaN</property>
      </property>
      <property name="Item13" isnull="true" iskey="true">
        <property name="GridRow">0</property>
        <property name="FieldName">SciSlotted</property>
        <property name="VisibleIndex">12</property>
        <property name="ActualWidth">NaN</property>
      </property>
      <property name="Item14" isnull="true" iskey="true">
        <property name="GridRow">0</property>
        <property name="FieldName">TotalSlotted</property>
        <property name="VisibleIndex">13</property>
        <property name="ActualWidth">NaN</property>
      </property>
      <property name="Item15" isnull="true" iskey="true">
        <property name="GridRow">0</property>
        <property name="FieldName">EngEventMod</property>
        <property name="VisibleIndex">14</property>
        <property name="ActualWidth">NaN</property>
      </property>
      <property name="Item16" isnull="true" iskey="true">
        <property name="GridRow">0</property>
        <property name="FieldName">TacEventMod</property>
        <property name="VisibleIndex">15</property>
        <property name="ActualWidth">NaN</property>
      </property>
      <property name="Item17" isnull="true" iskey="true">
        <property name="GridRow">0</property>
        <property name="FieldName">SciEventMod</property>
        <property name="VisibleIndex">16</property>
        <property name="ActualWidth">NaN</property>
      </property>
      <property name="Item18" isnull="true" iskey="true">
        <property name="GridRow">0</property>
        <property name="FieldName">EngDiff</property>
        <property name="VisibleIndex">17</property>
        <property name="ActualWidth">NaN</property>
      </property>
      <property name="Item19" isnull="true" iskey="true">
        <property name="GridRow">0</property>
        <property name="FieldName">TacDiff</property>
        <property name="VisibleIndex">18</property>
        <property name="ActualWidth">NaN</property>
      </property>
      <property name="Item20" isnull="true" iskey="true">
        <property name="GridRow">0</property>
        <property name="FieldName">SciDiff</property>
        <property name="VisibleIndex">19</property>
        <property name="ActualWidth">NaN</property>
      </property>
      <property name="Item21" isnull="true" iskey="true">
        <property name="GridRow">0</property>
        <property name="FieldName">EngCritMult</property>
        <property name="VisibleIndex">20</property>
        <property name="ActualWidth">NaN</property>
      </property>
      <property name="Item22" isnull="true" iskey="true">
        <property name="GridRow">0</property>
        <property name="FieldName">TacCritMult</property>
        <property name="VisibleIndex">21</property>
        <property name="ActualWidth">NaN</property>
      </property>
      <property name="Item23" isnull="true" iskey="true">
        <property name="GridRow">0</property>
        <property name="FieldName">SciCritMult</property>
        <property name="VisibleIndex">22</property>
        <property name="ActualWidth">NaN</property>
      </property>
      <property name="Item24" isnull="true" iskey="true">
        <property name="GridRow">0</property>
        <property name="FieldName">EventCritMult</property>
        <property name="VisibleIndex">23</property>
        <property name="ActualWidth">NaN</property>
      </property>
      <property name="Item25" isnull="true" iskey="true">
        <property name="GridRow">0</property>
        <property name="FieldName">TotalCrit</property>
        <property name="VisibleIndex">24</property>
        <property name="ActualWidth">NaN</property>
      </property>
      <property name="Item26" isnull="true" iskey="true">
        <property name="GridRow">0</property>
        <property name="FieldName">MaintOff</property>
        <property name="VisibleIndex">25</property>
        <property name="ActualWidth">NaN</property>
      </property>
      <property name="Item27" isnull="true" iskey="true">
        <property name="GridRow">0</property>
        <property name="FieldName">Custom</property>
        <property name="UnboundType">Decimal</property>
        <property name="AllowUnboundExpressionEditor">true</property>
        <property name="VisibleIndex">26</property>
        <property name="ActualWidth">NaN</property>
      </property>
    </property>
    <property name="View" isnull="true" iskey="true">
      <property name="FormatConditions" iskey="true" value="0" />
      <property name="ShowAutoFilterRow">true</property>
      <property name="ShowCriteriaInAutoFilterRow">true</property>
      <property name="ColumnFilterPopupMode">Excel</property>
      <property name="ColumnChooserState" isnull="true" iskey="true">
        <property name="Location">41,37</property>
        <property name="Size">220,250</property>
      </property>
    </property>
    <property name="TotalSummary" iskey="true" value="0" />
    <property name="MRUFilters" iskey="true" value="0" />
    <property name="GroupSummarySortInfo" iskey="true" value="0" />
  </property>
</XtraSerializer>